Jornada,Local,Visitante
1,Arsenal,Aston Villa
1,Bournemouth,Brentford
1,Brighton,Chelsea
1,Coventry,Crystal Palace
1,Everton,Fulham
1,Hull,Ipswich
1,Leeds,Liverpool
1,Man City,Man United
1,Newcastle,Nott'm Forest
1,Sunderland,Tottenham
2,Brentford,Hull
2,Chelsea,Bournemouth
2,Coventry,Arsenal
2,Crystal Palace,Everton
2,Fulham,Sunderland
2,Ipswich,Aston Villa
2,Liverpool,Man City
2,Newcastle,Leeds
2,Nott'm Forest,Brighton
2,Tottenham,Man United
3,Arsenal,Coventry
3,Aston Villa,Ipswich
3,Bournemouth,Sunderland
3,Brighton,Liverpool
3,Chelsea,Newcastle
3,Everton,Crystal Palace
3,Hull,Brentford
3,Man City,Leeds
3,Man United,Fulham
3,Tottenham,Nott'm Forest
4,Aston Villa,Brighton
4,Brentford,Nott'm Forest
4,Coventry,Man United
4,Crystal Palace,Tottenham
4,Fulham,Bournemouth
4,Ipswich,Hull
4,Leeds,Chelsea
4,Liverpool,Arsenal
4,Newcastle,Man City
4,Sunderland,Everton
5,Arsenal,Liverpool
5,Bournemouth,Leeds
5,Brighton,Newcastle
5,Chelsea,Fulham
5,Everton,Sunderland
5,Hull,Crystal Palace
5,Man City,Brentford
5,Man United,Coventry
5,Nott'm Forest,Ipswich
5,Tottenham,Aston Villa
6,Aston Villa,Tottenham
6,Brentford,Bournemouth
6,Coventry,Hull
6,Crystal Palace,Chelsea
6,Fulham,Man United
6,Ipswich,Nott'm Forest
6,Leeds,Man City
6,Liverpool,Everton
6,Newcastle,Arsenal
6,Sunderland,Brighton
7,Arsenal,Newcastle
7,Bournemouth,Ipswich
7,Brighton,Coventry
7,Chelsea,Crystal Palace
7,Everton,Brentford
7,Hull,Leeds
7,Man City,Sunderland
7,Man United,Liverpool
7,Nott'm Forest,Aston Villa
7,Tottenham,Fulham
8,Aston Villa,Bournemouth
8,Brentford,Brighton
8,Coventry,Man City
8,Crystal Palace,Man United
8,Fulham,Hull
8,Ipswich,Tottenham
8,Leeds,Arsenal
8,Liverpool,Nott'm Forest
8,Newcastle,Everton
8,Sunderland,Chelsea
9,Arsenal,Fulham
9,Brighton,Sunderland
9,Chelsea,Leeds
9,Coventry,Brentford
9,Everton,Liverpool
9,Hull,Aston Villa
9,Man City,Newcastle
9,Man United,Bournemouth
9,Nott'm Forest,Crystal Palace
9,Tottenham,Ipswich
10,Aston Villa,Nott'm Forest
10,Bournemouth,Arsenal
10,Brentford,Everton
10,Crystal Palace,Hull
10,Fulham,Tottenham
10,Ipswich,Man City
10,Leeds,Man United
10,Liverpool,Chelsea
10,Newcastle,Brighton
10,Sunderland,Coventry
11,Arsenal,Brentford
11,Brighton,Fulham
11,Chelsea,Ipswich
11,Coventry,Bournemouth
11,Everton,Man City
11,Liverpool,Newcastle
11,Man United,Aston Villa
11,Nott'm Forest,Hull
11,Sunderland,Leeds
11,Tottenham,Crystal Palace
12,Aston Villa,Man United
12,Bournemouth,Tottenham
12,Brentford,Sunderland
12,Crystal Palace,Coventry
12,Hull,Arsenal
12,Ipswich,Everton
12,Leeds,Brighton
12,Man City,Liverpool
12,Newcastle,Chelsea
12,Nott'm Forest,Fulham
13,Arsenal,Bournemouth
13,Brighton,Man City
13,Chelsea,Aston Villa
13,Coventry,Ipswich
13,Everton,Hull
13,Fulham,Nott'm Forest
13,Liverpool,Leeds
13,Man United,Crystal Palace
13,Sunderland,Newcastle
13,Tottenham,Brentford
14,Aston Villa,Liverpool
14,Bournemouth,Man United
14,Brentford,Arsenal
14,Crystal Palace,Fulham
14,Hull,Everton
14,Ipswich,Chelsea
14,Leeds,Coventry
14,Man City,Brighton
14,Newcastle,Sunderland
14,Nott'm Forest,Tottenham
15,Brentford,Ipswich
15,Brighton,Hull
15,Chelsea,Arsenal
15,Crystal Palace,Aston Villa
15,Everton,Newcastle
15,Fulham,Leeds
15,Liverpool,Coventry
15,Man United,Nott'm Forest
15,Sunderland,Man City
15,Tottenham,Bournemouth
16,Arsenal,Brighton
16,Aston Villa,Chelsea
16,Bournemouth,Crystal Palace
16,Coventry,Sunderland
16,Hull,Tottenham
16,Ipswich,Liverpool
16,Leeds,Brentford
16,Man City,Everton
16,Newcastle,Fulham
16,Nott'm Forest,Man United
17,Brentford,Leeds
17,Brighton,Arsenal
17,Chelsea,Liverpool
17,Crystal Palace,Ipswich
17,Everton,Nott'm Forest
17,Fulham,Aston Villa
17,Man City,Coventry
17,Man United,Hull
17,Sunderland,Bournemouth
17,Tottenham,Newcastle
18,Arsenal,Tottenham
18,Aston Villa,Crystal Palace
18,Bournemouth,Everton
18,Chelsea,Man City
18,Coventry,Newcastle
18,Hull,Fulham
18,Ipswich,Man United
18,Leeds,Sunderland
18,Liverpool,Brighton
18,Nott'm Forest,Brentford
19,Brentford,Liverpool
19,Brighton,Leeds
19,Crystal Palace,Nott'm Forest
19,Everton,Coventry
19,Fulham,Arsenal
19,Man City,Bournemouth
19,Man United,Ipswich
19,Newcastle,Aston Villa
19,Sunderland,Hull
19,Tottenham,Chelsea
20,Arsenal,Everton
20,Aston Villa,Fulham
20,Bournemouth,Brighton
20,Chelsea,Sunderland
20,Hull,Man City
20,Ipswich,Crystal Palace
20,Leeds,Newcastle
20,Liverpool,Brentford
20,Man United,Tottenham
20,Nott'm Forest,Coventry
21,Brentford,Aston Villa
21,Brighton,Crystal Palace
21,Coventry,Chelsea
21,Everton,Arsenal
21,Fulham,Ipswich
21,Hull,Man United
21,Leeds,Bournemouth
21,Man City,Nott'm Forest
21,Newcastle,Tottenham
21,Sunderland,Liverpool
22,Arsenal,Man City
22,Aston Villa,Coventry
22,Bournemouth,Fulham
22,Chelsea,Hull
22,Crystal Palace,Brighton
22,Ipswich,Brentford
22,Liverpool,Sunderland
22,Man United,Everton
22,Nott'm Forest,Newcastle
22,Tottenham,Leeds
23,Brentford,Tottenham
23,Brighton,Man United
23,Coventry,Nott'm Forest
23,Everton,Ipswich
23,Fulham,Crystal Palace
23,Hull,Bournemouth
23,Leeds,Aston Villa
23,Man City,Chelsea
23,Newcastle,Liverpool
23,Sunderland,Arsenal
24,Arsenal,Leeds
24,Aston Villa,Brentford
24,Bournemouth,Coventry
24,Chelsea,Everton
24,Crystal Palace,Newcastle
24,Ipswich,Sunderland
24,Liverpool,Fulham
24,Man United,Brighton
24,Nott'm Forest,Man City
24,Tottenham,Hull
25,Brentford,Man United
25,Brighton,Bournemouth
25,Everton,Tottenham
25,Fulham,Chelsea
25,Hull,Nott'm Forest
25,Leeds,Ipswich
25,Liverpool,Aston Villa
25,Man City,Arsenal
25,Newcastle,Coventry
25,Sunderland,Crystal Palace
26,Arsenal,Sunderland
26,Aston Villa,Hull
26,Bournemouth,Newcastle
26,Chelsea,Brighton
26,Coventry,Liverpool
26,Crystal Palace,Brentford
26,Ipswich,Fulham
26,Man United,Man City
26,Nott'm Forest,Leeds
26,Tottenham,Everton
27,Arsenal,Chelsea
27,Brentford,Crystal Palace
27,Brighton,Tottenham
27,Everton,Aston Villa
27,Fulham,Coventry
27,Leeds,Nott'm Forest
27,Liverpool,Bournemouth
27,Man City,Hull
27,Newcastle,Man United
27,Sunderland,Ipswich
28,Aston Villa,Arsenal
28,Bournemouth,Chelsea
28,Coventry,Brighton
28,Crystal Palace,Man City
28,Fulham,Newcastle
28,Hull,Sunderland
28,Ipswich,Leeds
28,Man United,Brentford
28,Nott'm Forest,Everton
28,Tottenham,Liverpool
29,Arsenal,Hull
29,Brentford,Fulham
29,Brighton,Aston Villa
29,Chelsea,Coventry
29,Everton,Man United
29,Leeds,Crystal Palace
29,Liverpool,Tottenham
29,Man City,Ipswich
29,Newcastle,Bournemouth
29,Sunderland,Nott'm Forest
30,Aston Villa,Everton
30,Bournemouth,Liverpool
30,Coventry,Leeds
30,Crystal Palace,Sunderland
30,Fulham,Brentford
30,Hull,Newcastle
30,Ipswich,Brighton
30,Man United,Arsenal
30,Nott'm Forest,Chelsea
30,Tottenham,Man City
31,Arsenal,Man United
31,Brighton,Nott'm Forest
31,Chelsea,Brentford
31,Coventry,Aston Villa
31,Everton,Bournemouth
31,Leeds,Hull
31,Liverpool,Crystal Palace
31,Man City,Tottenham
31,Newcastle,Ipswich
31,Sunderland,Fulham
32,Aston Villa,Leeds
32,Bournemouth,Man City
32,Brentford,Chelsea
32,Crystal Palace,Liverpool
32,Fulham,Everton
32,Hull,Coventry
32,Ipswich,Newcastle
32,Man United,Sunderland
32,Nott'm Forest,Arsenal
32,Tottenham,Brighton
33,Arsenal,Crystal Palace
33,Bournemouth,Aston Villa
33,Brighton,Ipswich
33,Chelsea,Nott'm Forest
33,Coventry,Tottenham
33,Leeds,Everton
33,Liverpool,Hull
33,Man City,Fulham
33,Newcastle,Brentford
33,Sunderland,Man United
34,Aston Villa,Man City
34,Brentford,Newcastle
34,Crystal Palace,Arsenal
34,Everton,Brighton
34,Fulham,Liverpool
34,Hull,Chelsea
34,Ipswich,Coventry
34,Man United,Leeds
34,Nott'm Forest,Bournemouth
34,Tottenham,Sunderland
35,Arsenal,Nott'm Forest
35,Bournemouth,Hull
35,Brighton,Everton
35,Chelsea,Man United
35,Coventry,Fulham
35,Leeds,Tottenham
35,Liverpool,Ipswich
35,Man City,Aston Villa
35,Newcastle,Crystal Palace
35,Sunderland,Brentford
36,Aston Villa,Newcastle
36,Brentford,Man City
36,Crystal Palace,Bournemouth
36,Everton,Leeds
36,Fulham,Brighton
36,Hull,Liverpool
36,Ipswich,Arsenal
36,Man United,Chelsea
36,Nott'm Forest,Sunderland
36,Tottenham,Coventry
37,Arsenal,Ipswich
37,Bournemouth,Nott'm Forest
37,Brighton,Brentford
37,Chelsea,Tottenham
37,Coventry,Everton
37,Leeds,Fulham
37,Liverpool,Man United
37,Man City,Crystal Palace
37,Newcastle,Hull
37,Sunderland,Aston Villa
38,Aston Villa,Sunderland
38,Brentford,Coventry
38,Crystal Palace,Leeds
38,Everton,Chelsea
38,Fulham,Man City
38,Hull,Brighton
38,Ipswich,Bournemouth
38,Man United,Newcastle
38,Nott'm Forest,Liverpool
38,Tottenham,Arsenal
